id,name,party,photoUrl,website
pauli-aalto-setala,"Pauli Aalto-Setälä",Kokoomus,https://www.kokoomus.fi/wp-content/uploads/2023/04/PAULI_AALTO-SETALA-7-349x233.jpg,
,Heikki Autto,Kokoomus,https://www.kokoomus.fi/wp-content/uploads/2019/04/signal-2024-03-20-215404_004-349x524.jpeg,
,Maaret Castrén,Kokoomus,https://www.kokoomus.fi/wp-content/uploads/2024/08/Maaret-Castren-057-349x233.jpg,
,Markku Eestilä,Kokoomus,https://www.kokoomus.fi/wp-content/uploads/2018/05/Eestila-Markku-34-349x210.jpg,
,Noora Fagerström,Kokoomus,https://www.kokoomus.fi/wp-content/uploads/2023/04/NOORA-FAGERSTROM-38-349x233.jpg,
,Sanni Grahn-Laasonen,Kokoomus,https://www.kokoomus.fi/wp-content/uploads/2018/05/SANNI-GRAHN-LAASONEN-20-349x233.jpg,
,Janne Heikkinen,Kokoomus,https://www.kokoomus.fi/wp-content/uploads/2019/04/Heikkinen-Janne-51-349x234.jpg,
,Timo Heinonen,Kokoomus,https://www.kokoomus.fi/wp-content/uploads/2018/05/Nettikokoinen_TIMO_HEINONEN_260618_8.jpg-473x315.jpg,
,Antti Häkkänen,Kokoomus,https://www.kokoomus.fi/wp-content/uploads/2018/05/Nettikokoinen_ANTTI_HAKKANEN_241017_179-349x233.jpg,
,Juha Hänninen,Kokoomus,https://www.kokoomus.fi/wp-content/uploads/2023/04/JUHA-HANNINEN-28-349x233.jpg,
,Anna-Kaisa Ikonen,Kokoomus,https://www.kokoomus.fi/wp-content/uploads/2019/04/ANNA-KAISA-IKONEN-8-1-349x233.jpg,
,Janne Jukkola,Kokoomus,https://www.kokoomus.fi/wp-content/uploads/2023/04/JANNE-JUKKOLA-37-349x233.jpg,
,Aleksi Jäntti,Kokoomus,https://www.kokoomus.fi/wp-content/uploads/2023/04/ALEKSI-JANTTI-45-349x233.jpg,
,Atte Kaleva,Kokoomus,https://www.kokoomus.fi/wp-content/uploads/2021/11/KalevaAtte48-349x233.jpg,
,Pia Kauma,Kokoomus,https://www.kokoomus.fi/wp-content/uploads/2018/06/Kauma-Pia-27-1-349x233.jpg,
,Ville Kaunisto,Kokoomus,https://www.kokoomus.fi/wp-content/uploads/2019/04/VILLE_KAUNISTO-56-349x233.jpg,
,Mari Kaunistola,Kokoomus,https://www.kokoomus.fi/wp-content/uploads/2023/04/MARI-KAUNISTOLA-12-349x233.jpg,
,Pihla Keto-Huovinen,Kokoomus,https://www.kokoomus.fi/wp-content/uploads/2019/04/Nettikokoinen_PIHLA_KETO_HUOVINEN_020719_21.jpg-473x315.jpg,
,Marko Kilpi,Kokoomus,https://www.kokoomus.fi/wp-content/uploads/2019/04/Nettikokoinen_MARKO_KILPI_270619_34.jpg-473x315.jpg,
,Teemu Kinnari,Kokoomus,https://www.kokoomus.fi/wp-content/uploads/2023/04/TEEMU-KINNARI-89-349x233.jpg,
pauli-kiuru,Pauli Kiuru,Kokoomus,https://www.kokoomus.fi/wp-content/uploads/2018/06/PAULI_KIURU-58-349x233.jpg,
,Jukka Kopra,Kokoomus,https://www.kokoomus.fi/wp-content/uploads/2018/05/JUKKA-KOPRA-2025-RYHMAHUONE-07-e1770043996489-349x261.jpg,
,Terhi Koulumies,Kokoomus,https://www.kokoomus.fi/wp-content/uploads/2019/04/Nettikokoinen_TERHI_KOULUMIES_270619_14.jpg-473x315.jpg,
,Milla Lahdenperä,Kokoomus,https://www.kokoomus.fi/wp-content/uploads/2023/04/MILLA-LAHDENPERA-80-349x233.jpg,
,Mia Laiho,Kokoomus,https://www.kokoomus.fi/wp-content/uploads/2018/06/Nettikokoinen_MIA_LAIHO_21-349x233.jpg,
,Jarno Limnell,Kokoomus,https://www.kokoomus.fi/wp-content/uploads/2023/04/JARNO-LIMNELL-22-349x233.jpg,
,Jarmo Lindberg,Kokoomus,https://www.kokoomus.fi/wp-content/uploads/2023/04/JARMO-LINDBERG-69-349x233.jpg,
,Matias Marttinen,Kokoomus,https://www.kokoomus.fi/wp-content/uploads/2019/04/Matias-Marttinen-349x233.jpg,
,Sari Multala,Kokoomus,https://www.kokoomus.fi/wp-content/uploads/2018/06/SARI-MULTALA-14-349x233.jpg,
,Petteri Orpo,Kokoomus,https://www.kokoomus.fi/wp-content/uploads/2018/05/Nettikokoinen_PETTERI_ORPO_210817_191.jpg-473x315.jpg,
,Martin Paasi,Kokoomus,https://www.kokoomus.fi/wp-content/uploads/2024/08/Martin-Paasi-4-349x233.jpg,
,Karoliina Partanen,Kokoomus,https://www.kokoomus.fi/wp-content/uploads/2023/04/KAROLIINA-PARTANEN-11-349x233.jpg,
,Susanne Päivärinta,Kokoomus,https://www.kokoomus.fi/wp-content/uploads/2023/04/Susanne-Paivarinta-006-349x233.jpg,
,Paula Risikko,Kokoomus,https://www.kokoomus.fi/wp-content/uploads/2018/06/Nettikokoinen_PAULA_RISIKKO_9.jpg-472x315.jpg,
,Tere Sammallahti,Kokoomus,https://www.kokoomus.fi/wp-content/uploads/2023/04/TERE-SAMMALLAHTI-21-349x233.jpg,
,Sari Sarkomaa,Kokoomus,https://www.kokoomus.fi/wp-content/uploads/2018/06/Nettikokoinen_SARKOMAA_SARI_160818_144.jpg-473x315.jpg,
,Arto Satonen,Kokoomus,https://www.kokoomus.fi/wp-content/uploads/2018/06/ARTO-SATONEN-23-349x233.jpg,
,Saara-Sofia Sirén,Kokoomus,https://www.kokoomus.fi/wp-content/uploads/2018/06/SAARA-SOFIA-SIREN-13-1-349x233.jpg,
,Mari-Leena Talvitie,Kokoomus,https://www.kokoomus.fi/wp-content/uploads/2018/06/MARI-LEENA-TALVITIE-18-1-349x233.jpg,
,Ville Valkonen,Kokoomus,https://www.kokoomus.fi/wp-content/uploads/2021/03/VilleValkonen-virallinen-lowres_dda69ee6-b680-420c-a6eb-cf89d7623f37-349x233.jpg,
,Oskari Valtola,Kokoomus,https://www.kokoomus.fi/wp-content/uploads/2023/04/OSKARI-VALTOLA-18-349x233.jpg,
,Elina Valtonen,Kokoomus,https://www.kokoomus.fi/wp-content/uploads/2022/02/ValtonenElina74-349x233.jpg,
,Heikki Vestman,Kokoomus,https://www.kokoomus.fi/wp-content/uploads/2019/04/HEIKKI-VESTMAN-12-349x233.jpg,
,Sofia Vikman,Kokoomus,https://www.kokoomus.fi/wp-content/uploads/2018/06/2025_Vikman-Sofia-14-349x233.jpg,
,Henrik Vuornos,Kokoomus,https://www.kokoomus.fi/wp-content/uploads/2019/08/Vuornos_Henrik-18-349x233.jpg,
,Ville Väyrynen,Kokoomus,https://www.kokoomus.fi/wp-content/uploads/2023/04/VILLE-VAYRYNEN-61-349x233.jpg,
,Sinuhe Wallinheimo,Kokoomus,https://www.kokoomus.fi/wp-content/uploads/2018/06/Wallinheimo-Sinuhe-56-349x233.jpg,
,Ben Zyskowicz,Kokoomus,https://www.kokoomus.fi/wp-content/uploads/2018/05/BEN-ZYSKOWICZ-4-349x233.jpg,
,Marko Asell,SDP,https://www.sdp.fi/app/uploads/sites/2/2022/11/marko-asell.jpeg,
,Kim Berg,SDP,https://www.sdp.fi/app/uploads/sites/2/2022/11/kim-berg.jpeg,
,Eeva-Johanna Eloranta,SDP,https://www.sdp.fi/app/uploads/sites/2/2022/11/eeva-johanna-eloranta.jpeg,
,Seppo Eskelinen,SDP,https://www.sdp.fi/app/uploads/sites/2/2022/11/seppo-eskelinen-640x640.jpeg,
,Tarja Filatov,SDP,https://www.sdp.fi/app/uploads/sites/2/2022/11/tarja-filatov.jpeg,
,Elisa Gebhard,SDP,https://www.sdp.fi/app/uploads/sites/2/2023/09/gebhard_elisa-e1695213245766-640x640.jpg,
,Tuula Haatainen,SDP,https://www.sdp.fi/app/uploads/sites/2/2023/09/tuula-haatainen-1-640x640.png,
,Lotta Hamari,SDP,https://www.sdp.fi/app/uploads/sites/2/2023/10/hamari-lotta-e1697796507894-640x640.jpg,
,Timo Harakka,SDP,https://www.sdp.fi/app/uploads/sites/2/2022/11/timo-harakka.jpeg,
,Eveliina Heinäluoma,SDP,https://www.sdp.fi/app/uploads/sites/2/2022/11/eveliina_heinaluoma-e1759399877993-640x640.jpg,
,Pia Hiltunen,SDP,https://www.sdp.fi/app/uploads/sites/2/2023/04/hiltunen_pia-640x640.jpeg,
,Riitta Kaarisalo,SDP,https://www.sdp.fi/app/uploads/sites/2/2022/11/riitta-makinen.jpeg,
,Mika Kari,SDP,https://www.sdp.fi/app/uploads/sites/2/2022/11/mika-kari.jpeg,
,Anette Karlsson,SDP,https://www.sdp.fi/app/uploads/sites/2/2025/09/anette_karlsson-1-640x800.jpg,
,Kimmo Kiljunen,SDP,https://www.sdp.fi/app/uploads/sites/2/2022/11/kimmo-kiljunen.jpeg,
,Krista Kiuru,SDP,https://www.sdp.fi/app/uploads/sites/2/2022/11/krista-kiuru-640x640.png,
,Jani Kokko,SDP,https://www.sdp.fi/app/uploads/sites/2/2023/04/kokko_jani-640x640.jpeg,
,Johannes Koskinen,SDP,https://www.sdp.fi/app/uploads/sites/2/2022/11/johannes-koskinen.jpeg,
,Miapetra Kumpula-Natri,SDP,https://www.sdp.fi/app/uploads/sites/2/2022/11/miapetra-kumpula-natri-1.jpeg,
,Johan Kvarnström,SDP,https://www.sdp.fi/app/uploads/sites/2/2022/11/johan_kvarnstrom-e1758613917202-640x640.jpg,
,Suna Kymäläinen,SDP,https://www.sdp.fi/app/uploads/sites/2/2022/11/suna-kymalainen.jpeg,
,Hanna Laine-Nousimaa,SDP,https://www.sdp.fi/app/uploads/sites/2/2025/06/laine_hanna_01-e1750147861540-640x640.jpg,
,Antti Lindtman,SDP,https://www.sdp.fi/app/uploads/sites/2/2022/11/antti-lindtman-640x640.png,
,Aki Lindén,SDP,https://www.sdp.fi/app/uploads/sites/2/2022/11/linden_aki-e1761210063395-640x640.jpg,
,Lauri Lyly,SDP,https://www.sdp.fi/app/uploads/sites/2/2023/04/lyly_lauri-640x640.jpeg,
,Niina Malm,SDP,https://www.sdp.fi/app/uploads/sites/2/2022/11/malm-niina-e1716184197934-640x640.jpg,
,Helena Marttila,SDP,https://www.sdp.fi/app/uploads/sites/2/2023/04/marttila_helena-640x640.jpeg,
,Ville Merinen,SDP,https://www.sdp.fi/app/uploads/sites/2/2023/04/ville-merinen-sdp-2-e1711823989970-640x609.jpg,
,Anna-Kristiina Mikkonen,SDP,https://www.sdp.fi/app/uploads/sites/2/2023/04/mikkonen_anna-kristiina-640x640.jpeg,
,Matias Mäkynen,SDP,https://www.sdp.fi/app/uploads/sites/2/2022/11/matias-makynen-640x640.jpg,
,Saku Nikkanen,SDP,https://www.sdp.fi/app/uploads/sites/2/2023/04/nikkanen_saku-640x640.jpeg,
,Johanna Ojala-Niemelä,SDP,https://www.sdp.fi/app/uploads/sites/2/2022/11/johanna-ojala-niemela.jpeg,
,Pinja Perholehto,SDP,https://www.sdp.fi/app/uploads/sites/2/2023/04/pinja-perholehto-sdp-e1711823857992-640x717.jpg,
,Piritta Rantanen,SDP,https://www.sdp.fi/app/uploads/sites/2/2022/11/piritta-rantanen.jpeg,
,Nasima Razmyar,SDP,https://www.sdp.fi/app/uploads/sites/2/2023/04/razmyar_nasima-640x640.jpeg,
,Joona Räsänen,SDP,https://www.sdp.fi/app/uploads/sites/2/2023/04/rasanen_joona-640x640.jpeg,
,Ville Skinnari,SDP,https://www.sdp.fi/app/uploads/sites/2/2022/11/ville-skinnari-640x640.jpeg,
,Timo Suhonen,SDP,https://www.sdp.fi/app/uploads/sites/2/2023/04/suhonen_timo-640x640.jpeg,
,Tytti Tuppurainen,SDP,https://www.sdp.fi/app/uploads/sites/2/2022/11/tytti-tuppurainen_51746361223_o-e1760526308682-640x496.jpg,
,Juha Viitala,SDP,https://www.sdp.fi/app/uploads/sites/2/2023/04/viitala_juha-640x640.jpeg,
,Pia Viitanen,SDP,https://www.sdp.fi/app/uploads/sites/2/2022/11/pia-viitanen.jpeg,
,Tuula Väätäinen,SDP,https://www.sdp.fi/app/uploads/sites/2/2022/11/tuula-v__t_inen_2025-640x768.jpg,
,Paula Werning,SDP,https://www.sdp.fi/app/uploads/sites/2/2022/11/paula-werning.jpeg,
,Petri Honkonen,Keskusta,https://keskusta.fi/wp-content/uploads/2023/04/Honkonen-Petri.jpg,
,Hannu Hoskonen,Keskusta,https://keskusta.fi/wp-content/uploads/2020/05/Hoskonen-Hannu-800x533px.jpg,
,Hanna Räsänen,Keskusta,https://keskusta.fi/wp-content/uploads/2023/04/Huttunen-Hanna.jpg,
,Antti Kaikkonen,Keskusta,https://keskusta.fi/wp-content/uploads/2023/04/Kaikkonen-Antti.jpg,
,Eeva Kalli,Keskusta,https://keskusta.fi/wp-content/uploads/2023/04/Kalli-Eeva-2.jpg,
,Vesa Kallio,Keskusta,https://keskusta.fi/wp-content/uploads/2023/04/Kallio-Vesa-2.jpg,
,Anne Kalmari,Keskusta,https://keskusta.fi/wp-content/uploads/2020/05/Kalmari-Anne-800x533px.jpg,
,Hilkka Kemppi,Keskusta,https://keskusta.fi/wp-content/uploads/2024/05/Kemppi-Hilkka-800x800px2.jpg,
,Tuomas Kettunen,Keskusta,https://keskusta.fi/wp-content/uploads/2024/06/Kettunen-Tuomas-800x800px.jpg,
,Mauri Kontu,Keskusta,https://keskusta.fi/wp-content/uploads/2025/09/305c2db5-8ba0-41d1-8df9-42a5e4a8944d-1000x1000.jpeg,
,Hanna Kosonen,Keskusta,https://keskusta.fi/wp-content/uploads/2020/06/kosonen-portrait-1000x1000.jpg,
,Antti Kurvinen,Keskusta,https://keskusta.fi/wp-content/uploads/2025/11/Kurvinen-Anti-2025-1.jpg,
,Mika Lintilä,Keskusta,https://keskusta.fi/wp-content/uploads/2020/06/lintila-portrait-1000x1000.jpg,
,Markus Lohi,Keskusta,https://keskusta.fi/wp-content/uploads/2024/05/Lohi-Markus-800x800px2-1.jpg,
,Hanna-Leena Mattila,Keskusta,https://keskusta.fi/wp-content/uploads/2020/09/Mattila-Hanna-Leena-800x533px.jpg,
,Timo Mehtälä,Keskusta,https://keskusta.fi/wp-content/uploads/2023/04/Mehtala-Timo.jpg,
,Olga Oinas-Panuma,Keskusta,https://keskusta.fi/wp-content/uploads/2023/04/Oinas-Panuma-Olga.jpg,
,Jouni Ovaska,Keskusta,https://keskusta.fi/wp-content/uploads/2020/05/Ovaska-Jouni-800x533px.jpg,
,Mika Riipi,Keskusta,https://keskusta.fi/wp-content/uploads/2024/09/Riipi-Mika-800x800px.jpg,
,Mikko Savola,Keskusta,https://keskusta.fi/wp-content/uploads/2022/06/Savola-800x533px.jpg,
,Markku Siponen,Keskusta,https://keskusta.fi/wp-content/uploads/2023/04/Siponen-Markku.jpg,
,Eerikki Viljanen,Keskusta,https://keskusta.fi/wp-content/uploads/2023/04/Viljanen-eerikki.jpg,
,Minja Koskela,Vasemmistoliitto,https://vasemmisto.fi/wp-content/uploads/2023/04/EDUSKUNNAN_VIRALLINEN_KUVA_2024_Minja-500x0-c-default.png,
,Aino-Kaisa Pekonen,Vasemmistoliitto,https://vasemmisto.fi/wp-content/uploads/2023/04/EDUSKUNNAN_VIRALLINEN_KUVA_2024_AK-500x0-c-default.png,
,Timo Furuholm,Vasemmistoliitto,https://vasemmisto.fi/wp-content/uploads/2023/04/EDUSKUNNAN_VIRALLINEN_KUVA_2024_Timo-500x0-c-default.png,
,Laura Meriluoto,Vasemmistoliitto,https://vasemmisto.fi/wp-content/uploads/2023/04/EDUSKUNNAN_VIRALLINEN_KUVA_2024_Laura-500x0-c-default.png,
,Veronika Honkasalo,Vasemmistoliitto,https://vasemmisto.fi/wp-content/uploads/2023/04/EDUSKUNNAN_VIRALLINEN_KUVAN_2024_Veronika-500x0-c-default.png,
,Jessi Jokelainen,Vasemmistoliitto,https://vasemmisto.fi/wp-content/uploads/2023/04/EDUSKUNNAN_VIRALLINEN_KUVA_2024_Jessi-500x0-c-default.png,
,Mai Kivelä,Vasemmistoliitto,https://vasemmisto.fi/wp-content/uploads/2023/04/EDUSKUNNAN_VIRALLINEN_KUVA_2024_Mai-500x0-c-default.png,
,Anna Kontula,Vasemmistoliitto,https://vasemmisto.fi/wp-content/uploads/2023/04/EDUSKUNNAN_VIRALLINEN_KUVA_2024_Anna-500x0-c-default.png,
,Pia Lohikoski,Vasemmistoliitto,https://vasemmisto.fi/wp-content/uploads/2023/04/EDUSKUNNAN_VIRALLINEN_KUVA_2024_Pia-500x0-c-default.png,
,Hanna Sarkkinen,Vasemmistoliitto,https://vasemmisto.fi/wp-content/uploads/2023/04/EDUSKUNNAN_VIRALLINEN_KUVA_2024_Hanna-500x0-c-default.png,
,Johanne Yrttiaho,Vasemmistoliitto,https://vasemmisto.fi/wp-content/uploads/2019/04/Johannes_Yrttiaho_EDUSKUNNAN_VIRALLINEN_2024-12_nelio-500x0-c-default.jpg,
,Mari Rantanen,Perussuomalaiset,https://www.perussuomalaiset.fi/wp-content/uploads/2019/05/Rantanen-Mari-web-1388-100x140.jpg,
,Jussi Halla-aho,Perussuomalaiset,https://www.perussuomalaiset.fi/wp-content/uploads/2019/07/Halla-aho-Jussi-web-1109-100x140.jpg,
,Wille Rydman,Perussuomalaiset,https://www.perussuomalaiset.fi/wp-content/uploads/2023/02/Rydman-Wille-web-1282-100x140.jpg,
,Leena Meri,Perussuomalaiset,https://www.perussuomalaiset.fi/wp-content/uploads/2015/05/Meri-Leena-web-1349-100x140.jpg,
,Ari Koponen,Perussuomalaiset,https://www.perussuomalaiset.fi/wp-content/uploads/2019/05/Koponen-Ari-web-1391-100x140.jpg,
,Riikka Purra,Perussuomalaiset,https://www.perussuomalaiset.fi/wp-content/uploads/2019/05/Purra-Riikka-web-1392-100x140.jpg,
,Jorma Piisinen,Perussuomalaiset,https://www.perussuomalaiset.fi/wp-content/uploads/2023/04/Piisinen-Jorma-web-1499-100x140.jpg,
,Teemu Keskisarja,Perussuomalaiset,https://www.perussuomalaiset.fi/wp-content/uploads/2023/04/Keskisarja-Teemu-web-1498-100x140.jpg,
,Onni Rostila,Perussuomalaiset,https://www.perussuomalaiset.fi/wp-content/uploads/2023/04/Rostila-Onni-web-1500-100x140.jpg,
,Arja Juvonen,Perussuomalaiset,https://www.perussuomalaiset.fi/wp-content/uploads/2014/03/Juvonen-Arja-web-1129-100x140.jpg,
,Ville Tavio,Perussuomalaiset,https://www.perussuomalaiset.fi/wp-content/uploads/2015/04/Tavio-Ville-web-1327-100x140.jpg,
,Vilhelm Junnila,Perussuomalaiset,https://www.perussuomalaiset.fi/wp-content/uploads/2019/05/Junnila-Vilhelm-web-1409-100x140.jpg,
,Mikko Lundén,Perussuomalaiset,https://www.perussuomalaiset.fi/wp-content/uploads/2019/05/Lunden-Mikko-web-1410-100x140.jpg,
,Ritva Kike Elomaa,Perussuomalaiset,https://www.perussuomalaiset.fi/wp-content/uploads/2014/03/Elomaa-Ritva-web-1096-100x140.jpg,
,Laura Huhtasaari,Perussuomalaiset,https://www.perussuomalaiset.fi/wp-content/uploads/2015/04/Huhtasaari-Laura-web-1333-100x140.jpg,
,Jari Koskela,Perussuomalaiset,https://www.perussuomalaiset.fi/wp-content/uploads/2019/05/Koskela-Jari-web-1413-100x140.jpg,
,Petri Huru,Perussuomalaiset,https://www.perussuomalaiset.fi/wp-content/uploads/2019/07/Huru-Petri-web-1467-100x140.jpg,
,Jari Ronkainen,Perussuomalaiset,https://www.perussuomalaiset.fi/wp-content/uploads/2015/04/Ronkainen-Jari-web-1308-100x140.jpg,
,Lulu Ranne,Perussuomalaiset,https://www.perussuomalaiset.fi/wp-content/uploads/2019/05/Ranne-Lulu-web-1417-100x140.jpg,
,Rami Lehtinen,Perussuomalaiset,https://www.perussuomalaiset.fi/wp-content/uploads/2023/04/Lehtinen-Rami-web-1508-100x140.jpg,
,Mira Nieminen,Perussuomalaiset,https://www.perussuomalaiset.fi/wp-content/uploads/2023/04/Nieminen-Mira-web-1509-100x140.jpg,
,Sami Savio,Perussuomalaiset,https://www.perussuomalaiset.fi/wp-content/uploads/2015/04/Savio-Sami-web-1314-100x140.jpg,
,Veijo Niemi,Perussuomalaiset,https://www.perussuomalaiset.fi/wp-content/uploads/2019/05/Niemi-Veijo-web-1418-100x140.jpg,
,Sakari Puisto,Perussuomalaiset,https://www.perussuomalaiset.fi/wp-content/uploads/2019/05/Puisto-Sakari-web-1419-100x140.jpg,
,Miko Bergbom,Perussuomalaiset,https://www.perussuomalaiset.fi/wp-content/uploads/2023/04/Bergbom-Miko-web-1514-100x140.jpg,
,Joakim Vigelius,Perussuomalaiset,https://www.perussuomalaiset.fi/wp-content/uploads/2023/04/Vigelius-Joakim-web-1515-100x140.jpg,
,Jani Mäkelä,Perussuomalaiset,https://www.perussuomalaiset.fi/wp-content/uploads/2015/04/Makela-Jani-web-1301-100x140.jpg,
,Sheikki Laakso,Perussuomalaiset,https://www.perussuomalaiset.fi/wp-content/uploads/2019/05/Laakso-Sheikki-web-1426-100x140.jpg,
,Jaana Strandman,Perussuomalaiset,https://www.perussuomalaiset.fi/wp-content/uploads/2023/04/Strandman-Jaana-web-1516-1-100x140.jpg,
,Juho Eerola,Perussuomalaiset,https://www.perussuomalaiset.fi/wp-content/uploads/2014/03/Eerola-Juho-web-1093-100x140.jpg,
,Sanna Antikainen,Perussuomalaiset,https://www.perussuomalaiset.fi/wp-content/uploads/2019/05/Antikainen-Sanna-web-1434-100x140.jpg,
,Minna Reijonen,Perussuomalaiset,https://www.perussuomalaiset.fi/wp-content/uploads/2019/05/Reijonen-Minna-web-1435-100x140.jpg,
,Juha Mäenpää,Perussuomalaiset,https://www.perussuomalaiset.fi/wp-content/uploads/2019/05/Maenpaa-Juha-web-1437-100x140.jpg,
,Mauri Peltokangas,Perussuomalaiset,https://www.perussuomalaiset.fi/wp-content/uploads/2019/05/Peltokangas-Mauri-web-1439-100x140.jpg,
,Anne Rintamäki,Perussuomalaiset,https://www.perussuomalaiset.fi/wp-content/uploads/2023/04/Rintamaki-Anne-web-1526-100x140.jpg,
,Pia Sillanpää,Perussuomalaiset,https://www.perussuomalaiset.fi/wp-content/uploads/2023/04/Sillanpaa-Pia-web-1527-100x140.jpg,
,Tomi Immonen,Perussuomalaiset,https://www.perussuomalaiset.fi/wp-content/uploads/2023/04/Immonen-Tomi-web-1531-100x140.jpg,
,Kaisa Garedew,Perussuomalaiset,https://www.perussuomalaiset.fi/wp-content/uploads/2023/04/Garedew-Kaisa-web-1530_versio-2-100x140.jpg,
,Jenna Simula,Perussuomalaiset,https://www.perussuomalaiset.fi/wp-content/uploads/2019/05/Simula-Jenna-web-1450-100x140.jpg,
,Antti Kangas,Perussuomalaiset,https://www.perussuomalaiset.fi/wp-content/uploads/2023/04/Kangas-Antti-web-1535-100x140.jpg,
,Merja Rasinkangas,Perussuomalaiset,https://www.perussuomalaiset.fi/wp-content/uploads/2024/08/Rasinkangas-Merja-web-911825-100x140.jpg,
,Pekka Aittakumpu,Perussuomalaiset,https://www.perussuomalaiset.fi/wp-content/uploads/2024/10/Aittakumpu-Pekka-web-1452-100x140.jpg,
,Ville Vähämäki,Perussuomalaiset,https://www.perussuomalaiset.fi/wp-content/uploads/2014/03/Vahamaki-Ville-web-1136-100x140.jpg,
,Kaisa Juuso,Perussuomalaiset,https://www.perussuomalaiset.fi/wp-content/uploads/2019/05/Juuso-Kaisa-web-1455-100x140.jpg,
,Sara Seppänen,Perussuomalaiset,https://www.perussuomalaiset.fi/wp-content/uploads/2023/04/Seppanen-Sara-web-1538-100x140.jpg,
,Anders Adlercreutz,RKP,https://sfp.fi/wp-content/uploads/2018/08/2-1-1500x1500.jpg,
,Otto Andersson,RKP,https://sfp.fi/wp-content/uploads/2018/08/5-1-1500x1500.jpg,
,Sandra Bergqvist,RKP,https://sfp.fi/wp-content/uploads/2018/08/1-1-1500x1500.jpg,
,Eva Biaudet,RKP,https://sfp.fi/wp-content/uploads/2018/08/9-1-1500x1500.jpg,
,Christoffer Ingo,RKP,https://sfp.fi/wp-content/uploads/2018/08/8-1-1500x1500.jpg,
,Mats Löfström,RKP,https://sfp.fi/wp-content/uploads/2018/08/7-1-1500x1500.jpg,
,Anders Norrback,RKP,https://sfp.fi/wp-content/uploads/2018/08/6-1-1500x1500.jpg,
,Mikko Ollikainen,RKP,https://sfp.fi/wp-content/uploads/2018/08/10-1-1500x1500.jpg,
,Joakim Strand,RKP,https://sfp.fi/wp-content/uploads/2018/08/4-1-1500x1500.jpg,
,Henrik Wickström,RKP,https://sfp.fi/wp-content/uploads/2018/08/11-1-1500x1500.jpg,
,Alviina Alametsä,Vihreät,https://www.vihreat.fi/wp-content/uploads/2020/10/AlviinaAlametsa-300px.jpg,
,Fatim Diarra,Vihreät,https://www.vihreat.fi/wp-content/uploads/2023/04/218-Fatim-Diarra-e1681297522848.jpg,
,Tiina Elo,Vihreät,https://www.vihreat.fi/wp-content/uploads/2020/10/ELO_TIINA_VIHREÄT_UUSIMAA-1.jpg,
,Bella Forsgrén,Vihreät,https://www.vihreat.fi/wp-content/uploads/2020/10/FORSGREN_BELLA_VIHREAT_KESKI-SUOMI-1.jpg,
,Pekka Haavisto,Vihreät,https://www.vihreat.fi/wp-content/uploads/2020/10/Pekka-Haavisto-KP-1_tif.jpg,
,Atte Harjanne,Vihreät,https://www.vihreat.fi/wp-content/uploads/2020/10/HARJANNE_ATTE_VIHREÄT_HELSINKI-1.jpg,
,Hanna Holopainen,Vihreät,https://www.vihreat.fi/wp-content/uploads/2020/10/HOLOPAINEN_HANNA_VIHREÄT_KAAKKOIS-SUOMI.jpg,
,Inka Hopsu,Vihreät,https://www.vihreat.fi/wp-content/uploads/2020/10/HOPSU_INKA_VIHREÄT_UUSIMAA.jpg,
,Saara Hyrkkö,Vihreät,https://www.vihreat.fi/wp-content/uploads/2020/10/HYRKKÖ_SAARA_VIHREÄT_UUSIMAA.jpg,
,Krista Mikkonen,Vihreät,https://www.vihreat.fi/wp-content/uploads/2020/10/KristaMikkonen-300px.jpg,
,Jenni Pitko,Vihreät,https://www.vihreat.fi/wp-content/uploads/2020/10/PITKO_JENNI_VIHREÄT_OULUN-VAALIPIIRI.jpg,
,Oras Tynkkynen,Vihreät,https://www.vihreat.fi/wp-content/uploads/2023/04/19-Oras-Tynkkynen.jpg,
,Sofia Virta,Vihreät,https://www.vihreat.fi/wp-content/uploads/2020/10/VIRTA_SOFIA_VIHREÄT_VARSINAIS_SUOMI.jpg,
,Peter Östman,Kristillisdemokraatit,,
,Päivi Räsänen,Kristillisdemokraatit,,
,Sari Tanus,Kristillisdemokraatit,,
,Sari Essayah,Kristillisdemokraatit,,
,Mika Poutala,Kristillisdemokraatit,,
,Harry Harkimo,Liike Nyt,https://images.squarespace-cdn.com/content/v1/689db994cb0098770df1eeb5/71b11fea-48ba-4cdc-bbd6-713386cea552/hjallis.png?format=500w,
,Timo Vornanen,Eduskuntaryhmä Timo Vornanen,https://www.eduskunta.fi/FI/kansanedustajat/PublishingImages/Vornanen-Timo-web-1522.jpg?RenditionID=6&Width=128,
