id,name,party,photoUrl,website
,"Pauli Aalto-Setälä

",Kokoomus,https://www.kokoomus.fi/wp-content/uploads/2023/04/PAULI_AALTO-SETALA-7-349x233.jpg,
,Heikki Autto,Kokoomus,https://www.kokoomus.fi/wp-content/uploads/2019/04/signal-2024-03-20-215404_004-349x524.jpeg,
,Maaret Castrén,Kokoomus,https://www.kokoomus.fi/wp-content/uploads/2024/08/Maaret-Castren-057-349x233.jpg,
,Markku Eestilä,Kokoomus,https://www.kokoomus.fi/wp-content/uploads/2018/05/Eestila-Markku-34-349x210.jpg,
,Noora Fagerström,Kokoomus,https://www.kokoomus.fi/wp-content/uploads/2023/04/NOORA-FAGERSTROM-38-349x233.jpg,
,Sanni Grahn-Laasonen,Kokoomus,https://www.kokoomus.fi/wp-content/uploads/2018/05/SANNI-GRAHN-LAASONEN-20-349x233.jpg,
,Janne Heikkinen,Kokoomus,https://www.kokoomus.fi/wp-content/uploads/2019/04/Heikkinen-Janne-51-349x234.jpg,
,Timo Heinonen,Kokoomus,https://www.kokoomus.fi/wp-content/uploads/2018/05/Nettikokoinen_TIMO_HEINONEN_260618_8.jpg-473x315.jpg,
,Antti Häkkänen,Kokoomus,https://www.kokoomus.fi/wp-content/uploads/2018/05/Nettikokoinen_ANTTI_HAKKANEN_241017_179-349x233.jpg,
,Juha Hänninen,Kokoomus,https://www.kokoomus.fi/wp-content/uploads/2023/04/JUHA-HANNINEN-28-349x233.jpg,
,Anna-Kaisa Ikonen,Kokoomus,https://www.kokoomus.fi/wp-content/uploads/2019/04/ANNA-KAISA-IKONEN-8-1-349x233.jpg,
,Janne Jukkola,Kokoomus,https://www.kokoomus.fi/wp-content/uploads/2023/04/JANNE-JUKKOLA-37-349x233.jpg,
,Aleksi Jäntti,Kokoomus,https://www.kokoomus.fi/wp-content/uploads/2023/04/ALEKSI-JANTTI-45-349x233.jpg,
,Atte Kaleva,Kokoomus,https://www.kokoomus.fi/wp-content/uploads/2021/11/KalevaAtte48-349x233.jpg,
,Pia Kauma,Kokoomus,https://www.kokoomus.fi/wp-content/uploads/2018/06/Kauma-Pia-27-1-349x233.jpg,
,Ville Kaunisto,Kokoomus,https://www.kokoomus.fi/wp-content/uploads/2019/04/VILLE_KAUNISTO-56-349x233.jpg,
,Mari Kaunistola,Kokoomus,https://www.kokoomus.fi/wp-content/uploads/2023/04/MARI-KAUNISTOLA-12-349x233.jpg,
,Pihla Keto-Huovinen,Kokoomus,https://www.kokoomus.fi/wp-content/uploads/2019/04/Nettikokoinen_PIHLA_KETO_HUOVINEN_020719_21.jpg-473x315.jpg,
,Marko Kilpi,Kokoomus,https://www.kokoomus.fi/wp-content/uploads/2019/04/Nettikokoinen_MARKO_KILPI_270619_34.jpg-473x315.jpg,
,Teemu Kinnari,Kokoomus,https://www.kokoomus.fi/wp-content/uploads/2023/04/TEEMU-KINNARI-89-349x233.jpg,
,Pauli Kiuru,Kokoomus,https://www.kokoomus.fi/wp-content/uploads/2018/06/PAULI_KIURU-58-349x233.jpg,
,Jukka Kopra,Kokoomus,https://www.kokoomus.fi/wp-content/uploads/2018/05/JUKKA-KOPRA-2025-RYHMAHUONE-07-e1770043996489-349x261.jpg,
,Terhi Koulumies,Kokoomus,https://www.kokoomus.fi/wp-content/uploads/2019/04/Nettikokoinen_TERHI_KOULUMIES_270619_14.jpg-473x315.jpg,
,Milla Lahdenperä,Kokoomus,https://www.kokoomus.fi/wp-content/uploads/2023/04/MILLA-LAHDENPERA-80-349x233.jpg,
,Mia Laiho,Kokoomus,https://www.kokoomus.fi/wp-content/uploads/2018/06/Nettikokoinen_MIA_LAIHO_21-349x233.jpg,
,Jarno Limnell,Kokoomus,https://www.kokoomus.fi/wp-content/uploads/2023/04/JARNO-LIMNELL-22-349x233.jpg,
,Jarmo Lindberg,Kokoomus,https://www.kokoomus.fi/wp-content/uploads/2023/04/JARMO-LINDBERG-69-349x233.jpg,
,Matias Marttinen,Kokoomus,https://www.kokoomus.fi/wp-content/uploads/2019/04/Matias-Marttinen-349x233.jpg,
,Sari Multala,Kokoomus,https://www.kokoomus.fi/wp-content/uploads/2018/06/SARI-MULTALA-14-349x233.jpg,
,Petteri Orpo,Kokoomus,https://www.kokoomus.fi/wp-content/uploads/2018/05/Nettikokoinen_PETTERI_ORPO_210817_191.jpg-473x315.jpg,
,Martin Paasi,Kokoomus,https://www.kokoomus.fi/wp-content/uploads/2024/08/Martin-Paasi-4-349x233.jpg,
,Karoliina Partanen,Kokoomus,https://www.kokoomus.fi/wp-content/uploads/2023/04/KAROLIINA-PARTANEN-11-349x233.jpg,
,Susanne Päivärinta,Kokoomus,https://www.kokoomus.fi/wp-content/uploads/2023/04/Susanne-Paivarinta-006-349x233.jpg,
,Paula Risikko,Kokoomus,https://www.kokoomus.fi/wp-content/uploads/2018/06/Nettikokoinen_PAULA_RISIKKO_9.jpg-472x315.jpg,
,Tere Sammallahti,Kokoomus,https://www.kokoomus.fi/wp-content/uploads/2023/04/TERE-SAMMALLAHTI-21-349x233.jpg,
,Sari Sarkomaa,Kokoomus,https://www.kokoomus.fi/wp-content/uploads/2018/06/Nettikokoinen_SARKOMAA_SARI_160818_144.jpg-473x315.jpg,
,Arto Satonen,Kokoomus,https://www.kokoomus.fi/wp-content/uploads/2018/06/ARTO-SATONEN-23-349x233.jpg,
,Saara-Sofia Sirén,Kokoomus,https://www.kokoomus.fi/wp-content/uploads/2018/06/SAARA-SOFIA-SIREN-13-1-349x233.jpg,
,Mari-Leena Talvitie,Kokoomus,https://www.kokoomus.fi/wp-content/uploads/2018/06/MARI-LEENA-TALVITIE-18-1-349x233.jpg,
,Ville Valkonen,Kokoomus,https://www.kokoomus.fi/wp-content/uploads/2021/03/VilleValkonen-virallinen-lowres_dda69ee6-b680-420c-a6eb-cf89d7623f37-349x233.jpg,
,Oskari Valtola,Kokoomus,https://www.kokoomus.fi/wp-content/uploads/2023/04/OSKARI-VALTOLA-18-349x233.jpg,
,Elina Valtonen,Kokoomus,https://www.kokoomus.fi/wp-content/uploads/2022/02/ValtonenElina74-349x233.jpg,
,Heikki Vestman,Kokoomus,https://www.kokoomus.fi/wp-content/uploads/2019/04/HEIKKI-VESTMAN-12-349x233.jpg,
,Sofia Vikman,Kokoomus,https://www.kokoomus.fi/wp-content/uploads/2018/06/2025_Vikman-Sofia-14-349x233.jpg,
,Henrik Vuornos,Kokoomus,https://www.kokoomus.fi/wp-content/uploads/2019/08/Vuornos_Henrik-18-349x233.jpg,
,Ville Väyrynen,Kokoomus,https://www.kokoomus.fi/wp-content/uploads/2023/04/VILLE-VAYRYNEN-61-349x233.jpg,
,Sinuhe Wallinheimo,Kokoomus,https://www.kokoomus.fi/wp-content/uploads/2018/06/Wallinheimo-Sinuhe-56-349x233.jpg,
,Ben Zyskowicz,Kokoomus,https://www.kokoomus.fi/wp-content/uploads/2018/05/BEN-ZYSKOWICZ-4-349x233.jpg,
,Marko Asell,SDP,https://www.sdp.fi/app/uploads/sites/2/2022/11/marko-asell.jpeg,
,Kim Berg,SDP,https://www.sdp.fi/app/uploads/sites/2/2022/11/kim-berg.jpeg,
,Eeva-Johanna Eloranta,SDP,https://www.sdp.fi/app/uploads/sites/2/2022/11/eeva-johanna-eloranta.jpeg,
,Seppo Eskelinen,SDP,https://www.sdp.fi/app/uploads/sites/2/2022/11/seppo-eskelinen-640x640.jpeg,
,Tarja Filatov,SDP,https://www.sdp.fi/app/uploads/sites/2/2022/11/tarja-filatov.jpeg,
,Elisa Gebhard,SDP,https://www.sdp.fi/app/uploads/sites/2/2023/09/gebhard_elisa-e1695213245766-640x640.jpg,
,Tuula Haatainen,SDP,https://www.sdp.fi/app/uploads/sites/2/2023/09/tuula-haatainen-1-640x640.png,
,Lotta Hamari,SDP,https://www.sdp.fi/app/uploads/sites/2/2023/10/hamari-lotta-e1697796507894-640x640.jpg,
,Timo Harakka,SDP,https://www.sdp.fi/app/uploads/sites/2/2022/11/timo-harakka.jpeg,
,Eveliina Heinäluoma,SDP,https://www.sdp.fi/app/uploads/sites/2/2022/11/eveliina_heinaluoma-e1759399877993-640x640.jpg,
,Pia Hiltunen,SDP,https://www.sdp.fi/app/uploads/sites/2/2023/04/hiltunen_pia-640x640.jpeg,
,Riitta Kaarisalo,SDP,https://www.sdp.fi/app/uploads/sites/2/2022/11/riitta-makinen.jpeg,
,Mika Kari,SDP,https://www.sdp.fi/app/uploads/sites/2/2022/11/mika-kari.jpeg,
,Anette Karlsson,SDP,https://www.sdp.fi/app/uploads/sites/2/2025/09/anette_karlsson-1-640x800.jpg,
,Kimmo Kiljunen,SDP,https://www.sdp.fi/app/uploads/sites/2/2022/11/kimmo-kiljunen.jpeg,
,Krista Kiuru,SDP,https://www.sdp.fi/app/uploads/sites/2/2022/11/krista-kiuru-640x640.png,
,Jani Kokko,SDP,https://www.sdp.fi/app/uploads/sites/2/2023/04/kokko_jani-640x640.jpeg,
,Johannes Koskinen,SDP,https://www.sdp.fi/app/uploads/sites/2/2022/11/johannes-koskinen.jpeg,
,Miapetra Kumpula-Natri,SDP,https://www.sdp.fi/app/uploads/sites/2/2022/11/miapetra-kumpula-natri-1.jpeg,
,Johan Kvarnström,SDP,https://www.sdp.fi/app/uploads/sites/2/2022/11/johan_kvarnstrom-e1758613917202-640x640.jpg,
,Suna Kymäläinen,SDP,https://www.sdp.fi/app/uploads/sites/2/2022/11/suna-kymalainen.jpeg,
,Hanna Laine-Nousimaa,SDP,https://www.sdp.fi/app/uploads/sites/2/2025/06/laine_hanna_01-e1750147861540-640x640.jpg,
,Antti Lindtman,SDP,https://www.sdp.fi/app/uploads/sites/2/2022/11/antti-lindtman-640x640.png,
,Aki Lindén,SDP,https://www.sdp.fi/app/uploads/sites/2/2022/11/linden_aki-e1761210063395-640x640.jpg,
,Lauri Lyly,SDP,https://www.sdp.fi/app/uploads/sites/2/2023/04/lyly_lauri-640x640.jpeg,
,Niina Malm,SDP,https://www.sdp.fi/app/uploads/sites/2/2022/11/malm-niina-e1716184197934-640x640.jpg,
,Helena Marttila,SDP,https://www.sdp.fi/app/uploads/sites/2/2023/04/marttila_helena-640x640.jpeg,
,Ville Merinen,SDP,https://www.sdp.fi/app/uploads/sites/2/2023/04/ville-merinen-sdp-2-e1711823989970-640x609.jpg,
,Anna-Kristiina Mikkonen,SDP,https://www.sdp.fi/app/uploads/sites/2/2023/04/mikkonen_anna-kristiina-640x640.jpeg,
,Matias Mäkynen,SDP,https://www.sdp.fi/app/uploads/sites/2/2022/11/matias-makynen-640x640.jpg,
,Saku Nikkanen,SDP,https://www.sdp.fi/app/uploads/sites/2/2023/04/nikkanen_saku-640x640.jpeg,
,Johanna Ojala-Niemelä,SDP,https://www.sdp.fi/app/uploads/sites/2/2022/11/johanna-ojala-niemela.jpeg,
,Pinja Perholehto,SDP,https://www.sdp.fi/app/uploads/sites/2/2023/04/pinja-perholehto-sdp-e1711823857992-640x717.jpg,
,Piritta Rantanen,SDP,https://www.sdp.fi/app/uploads/sites/2/2022/11/piritta-rantanen.jpeg,
,Nasima Razmyar,SDP,https://www.sdp.fi/app/uploads/sites/2/2023/04/razmyar_nasima-640x640.jpeg,
,Joona Räsänen,SDP,https://www.sdp.fi/app/uploads/sites/2/2023/04/rasanen_joona-640x640.jpeg,
,Ville Skinnari,SDP,https://www.sdp.fi/app/uploads/sites/2/2022/11/ville-skinnari-640x640.jpeg,
,Timo Suhonen,SDP,https://www.sdp.fi/app/uploads/sites/2/2023/04/suhonen_timo-640x640.jpeg,
,Tytti Tuppurainen,SDP,https://www.sdp.fi/app/uploads/sites/2/2022/11/tytti-tuppurainen_51746361223_o-e1760526308682-640x496.jpg,
,Juha Viitala,SDP,https://www.sdp.fi/app/uploads/sites/2/2023/04/viitala_juha-640x640.jpeg,
,Pia Viitanen,SDP,https://www.sdp.fi/app/uploads/sites/2/2022/11/pia-viitanen.jpeg,
,Tuula Väätäinen,SDP,https://www.sdp.fi/app/uploads/sites/2/2022/11/tuula-v__t_inen_2025-640x768.jpg,
,Paula Werning,SDP,https://www.sdp.fi/app/uploads/sites/2/2022/11/paula-werning.jpeg,
,Petri Honkonen,Keskusta,https://keskusta.fi/wp-content/uploads/2023/04/Honkonen-Petri.jpg,
,Hannu Hoskonen,Keskusta,https://keskusta.fi/wp-content/uploads/2020/05/Hoskonen-Hannu-800x533px.jpg,
,Hanna Räsänen,Keskusta,https://keskusta.fi/wp-content/uploads/2023/04/Huttunen-Hanna.jpg,
,Antti Kaikkonen,Keskusta,https://keskusta.fi/wp-content/uploads/2023/04/Kaikkonen-Antti.jpg,
,Eeva Kalli,Keskusta,https://keskusta.fi/wp-content/uploads/2023/04/Kalli-Eeva-2.jpg,
,Vesa Kallio,Keskusta,https://keskusta.fi/wp-content/uploads/2023/04/Kallio-Vesa-2.jpg,
,Anne Kalmari,Keskusta,https://keskusta.fi/wp-content/uploads/2020/05/Kalmari-Anne-800x533px.jpg,
,Hilkka Kemppi,Keskusta,https://keskusta.fi/wp-content/uploads/2024/05/Kemppi-Hilkka-800x800px2.jpg,
,Tuomas Kettunen,Keskusta,https://keskusta.fi/wp-content/uploads/2024/06/Kettunen-Tuomas-800x800px.jpg,
,Mauri Kontu,Keskusta,https://keskusta.fi/wp-content/uploads/2025/09/305c2db5-8ba0-41d1-8df9-42a5e4a8944d-1000x1000.jpeg,
,Hanna Kosonen,Keskusta,https://keskusta.fi/wp-content/uploads/2020/06/kosonen-portrait-1000x1000.jpg,
,Antti Kurvinen,Keskusta,https://keskusta.fi/wp-content/uploads/2025/11/Kurvinen-Anti-2025-1.jpg,
,Mika Lintilä,Keskusta,https://keskusta.fi/wp-content/uploads/2020/06/lintila-portrait-1000x1000.jpg,
,Markus Lohi,Keskusta,https://keskusta.fi/wp-content/uploads/2024/05/Lohi-Markus-800x800px2-1.jpg,
,Hanna-Leena Mattila,Keskusta,https://keskusta.fi/wp-content/uploads/2020/09/Mattila-Hanna-Leena-800x533px.jpg,
,Timo Mehtälä,Keskusta,https://keskusta.fi/wp-content/uploads/2023/04/Mehtala-Timo.jpg,
,Olga Oinas-Panuma,Keskusta,https://keskusta.fi/wp-content/uploads/2023/04/Oinas-Panuma-Olga.jpg,
,Jouni Ovaska,Keskusta,https://keskusta.fi/wp-content/uploads/2020/05/Ovaska-Jouni-800x533px.jpg,
,Mika Riipi,Keskusta,https://keskusta.fi/wp-content/uploads/2024/09/Riipi-Mika-800x800px.jpg,
,Mikko Savola,Keskusta,https://keskusta.fi/wp-content/uploads/2022/06/Savola-800x533px.jpg,
,Markku Siponen,Keskusta,https://keskusta.fi/wp-content/uploads/2023/04/Siponen-Markku.jpg,
,Eerikki Viljanen,Keskusta,https://keskusta.fi/wp-content/uploads/2023/04/Viljanen-eerikki.jpg,